datapoint,factValue
dp475555,503030962.9128058
dp475556,678229657.363811
dp475557,-6296704.6387437135
dp475563,-168901989.81226152
