datapoint,factValue
dp442282,65110240950.07243
dp442283,64816600662.92771
dp442285,-688795021.8491195
dp442286,205018745.43173733
dp442290,777416563.5955198
