datapoint,factValue
dp3529572,69253744221.11601
dp3529640,1044717159.1600001
dp3529647,72003231232.19406
