datapoint,factValue
dp3525707,100631337660.16667
dp3525718,100836945526.84167
dp3525719,98994585123.27834
dp3525720,100551298426.94499
